"V1","V2","V3","V4","V5","V6","V7","V8","V9","V10","V11","V12","V13","V14","V15","V16","V17","V18","V19","V20","V21","V22","V23","V24","V25","V26","V27","V28","V29","V30","V31","V32","V33","V34","V35","V36","V37","V38","V39","V40","V41","V42","V43","V44","V45","V46","V47","V48","V49","V50","V51","V52","V53","V54","V55","V56","V57","V58","V59","V60","V61","V62","V63","V64","V65","V66","V67","V68","V69","V70","V71","V72","V73","V74","V75","V76","V77","V78","V79","V80","V81","V82","V83","V84","V85","V86","V87","V88","V89","V90","V91","V92","V93","V94","V95","V96","V97","V98","V99","V100"
10,14,17,21,22,23,24,28,32,34,39,43,48,53,58,63,64,65,67,72,75,78,81,84,88,91,93,97,100,104,107,112,117,121,124,125,129,132,137,141,144,149,151,156,160,164,168,173,177,178,181,184,185,186,191,196,201,206,207,212,216,217,219,224,228,230,233,237,241,252,257,261,266,267,271,274,278,283,287,291,296,301,305,308,312,316,317,318,322,327,331,334,337,339,341,342,343,348,353,358
0.0533563333156504,0.166445867329295,0.285552272223511,0.38335039024797,0.383232027032375,0.383362729055637,0.38299733896236,0.699899017915246,0.934408527737196,0.93678550932606,0.301478087329453,0.254973853624315,0.231870869385744,0.308493754349296,0.317223356322538,0.189794381235429,0.18962184840673,0.362245994056672,0.517632156425987,0.608938479813797,0.633202471948693,0.553065911841996,0.755264227066126,0.807157361264004,0.733249497068039,1.21121184000963,0.797496256880201,1.01377016595828,1.08535682384146,1.3708053599465,1.48420813771702,1.50441588244226,1.24109989698128,1.18594574555137,1.05166736397136,0.70240379931915,0.556963847274393,0.332359875379026,0.371622459679479,0.37330974325028,0.870473477034205,0.728598703581843,1.52932116936043,1.6486216687885,1.0420836142378,0.441171176027892,0.0369067810280006,0.0568646034769116,0.151268166898817,0.309180868216987,0.177819332284621,0.0484972805252192,0.27146189263158,0.209388609729936,0.132360457964897,0.0456738927503099,0.0293840330078884,0.797931675998936,0.916544378323052,0.751421656884675,0.430329265055318,0.221736898623149,0.0806983068039701,0.0539714119564899,0.0279359710689421,0.00767615034137798,0.658668210807451,0.881063488375652,1.02975047937495,0.880625295105297,1.10942804515537,1.12868123167178,1.14258227379379,1.40574610197076,1.503011209234,1.48664851023565,1.35932981421317,1.25741660987581,1.41752452980893,1.4766813786081,0.829697005999362,0.19961689962432,0.10820969757099,0.0211804722235503,0.0524841208102373,0.109657274266142,0.109414235158554,0.120894509985758,0.26800869647156,0.421313295472708,0.52882761469975,0.320400170765441,0.113832540464347,0.00525638915222364,0.131340822892009,0.195215282289084,0.240429576744976,0.308003802397911,0.275554212043018,0.0916725432164441
0.598013602766222,0.594792772203191,0.875329774744625,0.631268996948308,0.173793908692606,0.383523665160546,0.353394128845991,0.309840337024056,0.254775445055857,0.194302586530082,0.136126364077179,0.0859611090640227,0.120385212129502,0.252776933509162,0.387041193730261,0.501171459816769,0.34593542977243,0.00802926908172855,0.334569191882186,0.450958430591382,0.556289646476544,0.611702508514492,0.741532269253723,0.756282633057712,0.617867304840195,0.32008799699869,0.0963164691247014,0.0673363307320697,0.272461549140113,3.15050852292105,0.0550101932438909,1.07432312308896,1.07323045691557,1.03594328043209,0.832081894873878,0.591123588778878,0.582407490869936,0.58170859687337,0.389612176890024,0.229407560579597,0.0827505878258025,0.0837050302874051,0.0874641044536533,0.559681318889301,0.641602302471749,0.641955292501773,0.993384345312557,0.780177433186791,0.773638584559597,0.607367459822167,1.16312036872982,1.66286290913081,1.53779602155127,1.24622638335578,1.50906094148494,0.465134887818228,0.73373208494128,0.498370260749999,0.527936581717385,0.505506478979664,0.436135743491324,0.348230303684962,0.346069667317971,0.0644490773734388,0.162492980806586,0.0412598911499656,0.0649699042433491,0.034103139158098,0.278596006701394,0.553991815034995,0.306939790003989,0.176300911485109,0.0448621390289601,0.212884003525938,0.254292551007587,0.235156921244511,0.312190344633025,0.335393402566756,0.369453625133084,0.0133368535827407,0.250881384856845,0.0180570625024299,0.0132984457531168,0.0166546102641902,0.0015494109974788,0.108816728887584,0.241770453441103,0.362269458326925,0.413799423351362,0.276244357567991,0.158012835191825,0.23623388553597,0.295041479009506,0.489525336121357,0.602646182674908,0.180946717981556,0.250576480479335,0.571518454414586,0.327566087861541,0.0636320001502888
0.35553688727834,0.358931569919273,0.358750888915048,0.399595271383637,0.369385794888805,0.603753651942756,0.531322076243792,0.39816460800937,0.625517476604117,0.44083073572453,0.166611366117121,0.00348226365625447,0.136189756442836,0.259980020393823,0.399347193284641,0.163965274107236,0.0454547296087841,0.0489084158969142,0.0502768541146026,0.160876456320933,0.480381804136894,0.487358461972209,0.32179834603204,0.574253368549569,0.770153803364744,0.798772014465436,1.41123553954177,2.11703957454964,2.59326224669917,2.66542532421054,2.27755296605512,2.37984126378321,2.89489773408741,2.93932605518641,2.67748102639591,2.64112939864243,2.31185698704734,2.13373762015421,1.74435878030132,1.24948895256095,0.793394728416973,0.657414034320095,0.437129146524654,0.655030070059926,0.839362741116281,0.929049634306497,0.586967389416677,0.593657940112997,0.495928873460831,0.333315336453445,0.281755046554338,0.216410868944835,0.336512882484478,0.0237921134234758,0.016180851028875,0.208158857794546,0.328052829371621,0.432061264519599,0.485968412791007,0.147544532519386,0.229268491849836,0.300651474750027,0.341832507981023,0.0108449896169341,0.323934311017222,0.278786217160278,0.0150897711250935,0.0393048807268524,0.247025734048018,0.206385745978567,0.159853693098159,0.111758989424077,0.0358797553261418,0.0359176434738502,0.238602363084004,0.320147396066473,0.370301532442576,0.156769923322809,0.0290692954577366,0.0034417899833589,0.0241682778147109,0.0217757196181805,0.0682028087731779,0.160362630719558,0.219879432634921,0.219879432634921,0.00509268641071719,0.0194659340438997,0.172362516491427,0.359658931958423,0.513815321811253,0.511618352554067,0.466370242601648,0.288394430785469,0.288389549536507,0.553539733720841,0.268640171825322,0.0402996789943168,0.0991162940699562,0.0252935055886994
0.357772445404794,0.237247344476083,0.0982092913636712,0.256982152344252,0.43769398542541,0.305491219155832,0.356821366917476,0.357502578453571,0.434360145674728,0.465246116398417,0.27250619173257,0.0889191370330922,0.057688378224686,0.0655962695496809,0.0579004577111469,0.0533508963175716,0.0414183016310424,0.04938634728674,0.696112922203745,1.05862323078649,0.538124638928146,0.267132807982574,0.267037407395565,0.0739845225022313,0.032328912390963,0.143001864164769,0.213723087870244,0.214047862163491,0.460448408264681,0.604024762101353,1.34059541081204,1.34142454239826,1.32925449399594,1.11760357860591,1.38111753819438,1.45360430081597,1.64674227896558,1.13766376471991,0.607507756330259,0.0458945189530242,0.470303345203563,0.686419272271135,0.731221065097939,0.567002798941254,0.354545916541923,0.353386261047294,0.316449140854745,0.16028998482977,0.314986116012706,0.456198106851878,0.549774793668404,0.782028520891455,0.732098164909075,0.598923659699283,0.598827317062079,0.645824461176073,0.756579717961424,0.789098863946398,0.821395111926056,0.778104189971963,0.667980827406761,0.53010564788809,0.593074882173989,0.492484768405353,0.446880795433872,0.354265783310911,0.397729118244489,0.0699329321136736,0.3862955053756,0.793366221940724,0.551207241590901,0.326075424676364,0.184015839524401,0.0524474163166492,0.179932070622303,0.467654557302034,0.240209129400606,0.0412236106027597,0.0953053013700423,0.146096512555055,0.186912953141164,0.149814873633034,0.128951162598421,0.326519196988474,0.505503204049261,0.658941375223714,0.341846620398825,0.198206411640907,0.161716346700014,0.308987555897544,0.0725804018887156,0.243753590796474,0.211460052370143,0.211036458129617,0.0242313193337589,0.0242313193337589,0.128567916338222,0.309776258063708,0.455889024402265,0.191370781358879
0.162661904565406,0.370134456479812,0.578894846357603,0.943054039410274,0.942949297701886,0.531952171202099,0.430346910526766,0.267939133375744,0.722883369229515,0.294973449269367,0.0284539783967453,0.223379693966889,0.297801912197098,0.224565530633224,0.0532227335736769,0.0203562393377419,0.132599372896457,0.270328164759559,0.384673500307384,0.453199846890337,0.453032244201072,0.200679733333123,0.12389195895093,0.120466353583544,0.20019451605585,0.280508477523045,0.349792674699993,0.398082780421599,0.400631140989563,0.265724959171858,0.451841919089795,0.574770400749571,0.232093600997743,0.571734612346306,0.72910296152758,1.12417106044868,1.50225038196144,1.75304056837362,2.43268000403004,0.925806836486627,1.70008013332617,2.3971681963954,2.8590933712408,2.85869754031435,2.94106105990484,2.23728756628477,1.60578390468519,1.32810118778474,0.981069819011914,0.621553860828013,0.314291086903428,0.0912454093854836,0.0321700581646413,0.196885851439801,0.392210495009895,0.568863020711624,0.489635121785519,0.351043931537424,0.0126911381557424,0.154524071732228,0.271792605231135,0.350654337141075,0.202860607202373,0.689946313692463,1.25620707451669,0.732364331571727,0.358317787548778,0.0217615905895784,0.0722895324337349,0.25412332109927,0.472099563418433,0.527275526990317,0.53195609903589,0.314974905564498,0.975114681862155,1.12731838545777,1.38590034541107,1.51729359090517,1.63779703595254,1.4532669011871,1.07041415122704,0.856193099488898,0.667277790803492,0.424752678515143,0.425484915590406,0.364462269421157,0.246219018492703,0.842235920626846,0.268938764264322,0.061501143034263,0.0903397510581508,0.274239147669536,0.1254532418733,0.0394025054405348,0.0237584115881819,0.125491355187279,0.113809275060677,0.0927710575704416,0.0924818153912103,0.498343875235237
0.394278016782167,0.232124913284578,0.0695820507881773,0.133416833222811,0.419488113837493,0.701616302355152,0.526682303438459,0.271819568852136,0.126523003285895,0.0526040336388651,0.01597702566689,0.0806653927973826,0.0449163825098302,0.00589942493713918,0.031500184477826,0.476858131925377,0.355467016479098,0.170606872961635,0.238884249614026,0.188722243671648,0.105159025038875,0.0631479629952281,0.00850776305411283,0.0100382586999044,0.0313040768575846,0.0525573846327913,0.0700752201856538,0.0813095114824554,0.00274812816160177,0.0395858085621607,0.0705372636653148,0.00720480317274284,0.0158335063135955,0.167229977265251,0.0130076752772367,0.0923449929645319,0.173283233170911,0.199201511882961,0.202759374401035,0.103980880963227,0.00397232155100222,0.0424477365335891,0.26975960220742,0.309810323464838,0.146773560115888,0.0759244809634317,0.0756061525957088,0.0830177234804813,0.0834137997561364,0.117412963811863,0.147979697066472,0.1657307564581,0.168543922021991,0.275507845232277,0.373967481743889,0.440286638094229,0.440304210346093,0.393960857441415,0.273023668198046,0.12462315333522,0.177910359831405,0.177831236306684,0.147412458199437,0.15111425785526,0.0130845577811319,0.378782007859947,0.0467248068421449,0.0429074967338445,0.0313115701880762,0.0141293671109748,0.00290725509773156,0.00298288443585844,0.00297803026729666,0.0172825697080773,0.164757875464751,0.318915547983471,0.319415831991981,0.146653870722985,0.0406361175384602,0.215362425326245,0.0433718800164598,0.413360629327838,0.449673075387215,0.412652631548172,0.229902558226079,0.0483311448512655,0.0718018950362636,0.0434761080226037,0.0433629626886169,0.00747419791820231,0.0549305223167686,0.256591693450932,0.48666576902273,0.768239555593914,0.997615909382045,1.08604014377841,1.57423912596012,1.09706784114024,1.80518355304753,2.14913838933083
0.246216227938014,0.219125602889262,0.173898923061348,0.0131540341996965,0.0662012269311193,0.127284008582409,0.181476785061381,0.214965352721905,0.258795984154092,0.159880787269872,0.0456962322596537,0.206770716062077,0.341688668236555,0.0964231883543642,0.120798352734369,0.352912981170927,0.462876274893496,0.021842817144394,0.190461939220818,0.211340104959767,0.282928689673446,0.134301614335638,0.299967680503353,0.474858172994361,0.597863003614833,0.622517231730846,1.93485247587013,1.44250492303736,1.49085339797905,1.33873158763317,1.24870590484243,2.14664020993785,2.14664020993785,3.23001812351478,2.88880377670568,2.31830929473073,1.40850971848131,1.4086580042225,2.03646919310444,2.64423159192922,2.3511010600894,2.54931088467682,2.45887594591627,2.06849168687536,2.06462763390026,1.65077156872381,1.04296911294647,0.866441012772534,0.586274686398122,0.547281486199268,0.447168419970734,0.323327926826372,0.377911660901691,0.484084159980377,0.450786308545005,0.650332821782754,0.689596255982292,0.207231323330568,0.42222922707965,0.679621251219361,0.855231472884488,0.888939438312763,0.795400846054524,0.205645732548692,0.184453055964626,0.147836559018845,0.103422886334264,0.062867980663398,0.0625905503437567,0.104339544526931,0.127310930968447,0.212674690724031,0.279983561215259,0.334176844622298,0.305083274472982,0.431830632900612,0.111114144545736,0.110509082770654,0.104071978444048,0.00354997508115432,0.00358524685530356,0.155989596530608,0.0276335956895521,0.123563144281047,0.12317752061284,0.122698090697281,0.379170100874546,0.476474629049995,0.515894532642847,0.208814265674145,0.0402912611493732,0.0642241573494444,0.0374693207576349,0.0120922623312688,0.0108918552877913,0.0128430466309113,0.0191019321172306,0.0734969467839009,0.136508023520777,0.200851923016595
0.39154643237124,0.289355046356143,0.0426501899217027,0.142751302350299,0.048943784981446,0.042248147380637,0.147858709796553,0.260745018331269,0.00948797776874546,0.0883867853634384,0.1432274254541,0.128949153612641,0.215204575289156,0.21476761775666,0.0267995966314275,0.0220543818337837,0.0173476376940305,0.118466352232338,0.0232820603331436,0.168640703925628,0.371604213534571,0.62210886869153,0.890374038884835,1.13407651379079,1.05742724335874,1.17224851070098,1.21155454835105,2.10385017555722,2.94416421578466,3.11800661824668,3.05255130030666,2.76763289282524,2.44224627555344,1.65299991385908,1.59170434959023,1.59188989075351,1.80169456458491,1.61984267931209,0.910360808950179,1.20281977944336,1.39661476250806,1.39784471080594,1.40212313089841,1.56874180970798,1.55720152660266,1.3661122535357,1.42982234273233,1.22987580918983,0.0823390900008889,0.220879872056288,0.332027543300285,0.332314184719188,0.33231340293496,0.54357465444609,0.473617461166284,0.192837302196645,0.129544217664057,0.139721346731565,0.486636322914341,0.538717131506922,0.472280624163364,0.455306020143125,0.265635321845048,1.38177209684148,1.06594625436166,1.2166986118513,1.2023917414643,0.102203176861213,0.112331176667358,0.247704951458948,0.262240399583242,0.250550958919793,0.140578066881306,0.0281025428586239,0.0557215239774212,0.0785856969975099,0.244436623979049,0.385903625529087,0.351190726828988,0.273246244011171,0.0959123361772167,0.184212360012864,0.028064262966853,0.257595521505627,0.158437581778243,0.251783376149167,0.342341552166055,0.342341552166055,0.463013319451391,0.543145429584154,0.546245159661618,0.545297246872208,0.12054986943421,0.116358801581244,0.10114162747265,0.0790911612057012,0.0346630260750045,0.264446874256632,0.154127103455162,0.0480573694489947
0.625648752698938,0.718262752510343,0.846463600168277,0.925585448301153,0.927701693449998,0.856330541934877,0.856184921586843,0.866876257777785,0.949108569247295,1.31438371445783,1.41457891531926,1.15288311538025,1.14683310316391,1.45454320493243,1.52075491885447,1.31371273453751,1.08589309996551,0.648786076058353,0.847366536734569,0.846547206203494,0.960300641397483,0.763264280308903,0.426203876785464,0.254708276823194,0.459729642769413,0.633849875704692,0.661004103547812,0.62410958774901,0.42091875784658,0.42091875784658,0.420731943711988,0.325830930919527,0.222286590140226,0.350470911454059,0.254115785762214,0.00213404430031401,0.00225596022161579,0.00486273617395965,0.191405012470409,0.167669315242033,0.210241993412965,0.242074285000364,0.257576245202832,0.517245843219708,0.452046677132807,0.326355800121001,0.324654601576027,0.324661147067475,0.28218009451508,0.10141976927479,0.0185112493304641,0.47970047230048,0.254726054421719,0.37074562918408,0.163223739917924,0.0205598661782317,0.176991210734915,0.34322853834344,0.487447993108324,0.395956933273934,0.259535996745519,0.422968483843233,0.36949343001034,0.35598138807091,0.27652355899408,0.276178296702212,0.259154669615125,0.279222137130586,0.308223274420958,0.259333098459011,0.206100724103603,0.149941192266778,0.00470911443736521,0.0577463675393973,0.106098919121247,0.0357392045784738,0.208803008041806,0.39644504824815,0.543097784644865,0.654881568322154,0.654513744993974,0.654774420561004,0.980337128243585,1.05406913807684,1.02944620085364,0.912452864809069,1.04970535507538,0.886900453253938,0.592341041647349,0.313914067112058,0.26974358004854,0.128137023139462,0.00135734566105216,0.191667005755878,0.445573544522263,0.668160338087617,0.667419436218734,0.481663007097239,0.267588062132131,0.156062861676618
0.377043430342963,0.167221660743088,0.303313665345746,0.509646404055174,1.40070448668919,2.33549443457508,1.31316871776963,0.829401601164467,0.618509503303157,0.365128991747032,0.321744497556261,0.325109564313629,0.342893192116308,0.0869972730777264,0.148598675989477,0.138859364565213,0.119430572097221,0.092267349090372,0.0625089121213576,0.643249536358885,0.246635704301581,0.347066335685015,0.427285138022966,0.460393177338478,0.516421778203979,0.0903317433293807,0.376479390682065,0.65914639531783,0.476984412849983,0.899093810652746,1.36633412769208,1.75589835908409,1.82691394843702,1.5752608874196,0.734927744041295,0.315214164526731,0.216505129813012,0.216600889555313,0.216295905821351,0.982544795126173,0.665246398489606,0.32519693957456,0.443266829018149,0.566519952255437,0.651086392057076,0.669554063520165,0.348575743000303,0.231580052988082,0.00296494903803516,0.0699739651569825,0.154576065903992,0.241763852085521,0.318223678485902,0.373707176496828,0.288343706647334,0.18885859479402,0.0904262945903394,0.00688796827495165,0.0373227250184742,0.0372380384021312,0.0608319017695262,0.124722398109737,0.691168084884579,0.00939188471726579,0.00928541829610987,0.683733062175809,0.614505162467853,0.479960863459536,0.864358564882002,0.224724034500595,0.225741507831704,0.216652588831173,0.193940871020455,0.161919749022243,0.127131189640946,0.0495953331837532,0.252493421232617,0.233486144439233,0.44228434543559,0.648086864070608,0.579348399466006,0.349599674023574,0.362351403401321,0.378959173988637,3.39189521508039,0.176699485199527,0.179519194341924,0.127542615064874,0.12788488940727,0.00672477266189211,0.382855630184691,0.0739122450184591,0.117780918669023,0.271104494910134,0.146319689897579,0.0388791725901745,0.0816939206364354,0.150164313492568,0.104161639063741,0.0996313480242597
0.239926050818892,0.323685474327277,0.174232756559502,0.0509060083949927,0.107908126570308,0.107336107035838,0.271756392011794,0.0918407616573724,0.101372927144491,0.128121606413845,0.153925179514498,0.145362135204465,0.11681628592371,0.116419048268093,0.0987113929231127,0.087278941825155,0.115290143633544,0.142549514189681,0.135936879037752,0.105479600646496,0.10536970379033,0.0528251576610604,0.13283865996622,0.167243260429599,0.167385518185587,0.299286468950382,0.391973865931936,0.440641056684452,0.663158836918622,0.81652223124829,1.10287570593766,1.29006393296158,1.28865064288256,1.77837727500125,1.78123537637987,1.35340091653962,0.80558802137053,0.805550059407858,0.80558802137053,1.52040868475947,1.81839591208,1.51571552836817,1.04094258849716,0.576169245867225,0.512896913296382,0.412322821665631,0.29380323240888,0.149858418379872,0.137965751915282,0.110553634275682,0.0756171084845089,0.138014195452403,0.28410455806026,0.742266726816525,0.883467740896098,0.504526754681835,0.149818107890291,0.247995000767002,0.601484540133688,0.172361731031845,0.0918150361003455,0.0407983164472127,0.185948158875262,0.195137018321649,0.244031558663052,0.669369690075,1.19482937927574,1.16772952650901,1.0713711258153,0.921504393189003,0.920262031133725,0.72874956988463,0.304679442810649,0.19437851028825,0.066263275771873,0.0701716090886075,0.223953475768495,0.398752051772279,0.741095540979819,0.975318143039238,1.00583255667955,1.59772011644738,2.04662079106674,2.16037570871134,1.98616114106895,1.6199030031395,1.05895438944899,0.546936787146223,0.275082737387279,0.0131373855146303,0.242530929640996,0.528128050961295,0.528128050961295,0.482907134649558,0.421831898854872,0.348331960100729,0.446563758188275,0.488778279317548,0.057395090108297,0.34431947405836
0.242650679371062,0.465230732759461,0.423153455538052,0.033845905085014,0.9374423978757,0.530363911634956,0.769495432410287,1.07815752313842,1.34771199640592,1.14801733064728,0.686065308655938,0.917966320902141,0.830968570377871,0.396768262244078,0.57065090409319,0.69574278043396,0.750219181401296,0.820198205731658,0.804641637720264,0.874506471459359,0.822916949107787,0.723655676814542,0.646205398790539,0.698018129337312,0.583434054202491,0.524790845025506,0.418935947989282,0.290863054628936,0.222342283170896,0.138889611199896,0.0589702792676721,0.0753644791157431,0.156745158883323,0.207606962973075,0.384471079067362,0.462852609081775,0.775734071527785,0.775827595999074,1.71733320077182,2.01724104580785,2.25513131159857,2.37649744326287,2.35594958380053,2.21660578659491,1.07833288401679,1.12595095011302,0.969468537185066,1.17278361635186,1.06510760621658,1.60819387367974,1.78962301612524,2.43856764572397,1.70520142969265,0.825582527441583,0.267813324861958,0.0782478810647873,0.0904964733002045,0.107591809608987,0.106965883215255,0.342997257892016,0.400823349233836,0.2919097689978,0.395987086736596,0.169708176203164,0.291350571773133,0.364158839162286,1.60553965628214,1.64134910170113,1.40938384068636,1.33345555336658,1.05515379267093,1.2967094036658,1.29942517008847,1.38358908108684,1.11189789190434,1.39899577814823,1.03242351998756,0.585193125740406,0.585154183805152,0.498471221958245,0.478054143168625,0.37360090444791,0.865882301318963,0.979790898836341,0.717484530799872,0.336275747105267,0.429023391822606,0.463501685807635,0.500839856513851,0.435805828541637,0.427925019080624,0.38323673279996,0.441468531978872,0.305823372028973,0.18439278049595,0.352375384669589,0.534831428862375,0.69696004591508,1.1269525528799,0.844320892427416
0.203131881926261,0.495317125433358,0.745992976634655,0.747858046940934,0.321123170395343,0.321305841097862,0.389853761056886,0.321305841097862,0.590977333782218,0.791492596229876,0.791120308522361,0.591598542494367,0.520756965331348,0.905271652271152,0.327653385940091,0.346482608858652,0.562385865678189,0.73784320926224,0.864409066485198,0.851414740277382,0.701396614002018,0.745821571257666,0.0462991479074439,0.256486530648669,0.510294036031705,0.457131714386526,0.456601228224295,0.617636028260876,0.638458832078712,0.253331658077632,0.541920401062142,0.655311813361632,0.638793557982803,0.103333502340146,0.0187375713083326,0.16144359898847,0.128623453468366,0.0814636814746149,0.20282798805269,0.226745464378038,0.351006002928687,0.472719092647436,0.566114353086334,0.614630036287801,0.610816367505178,0.533932609516129,0.482238843777994,0.38628115455317,0.426898960172297,0.380712942144835,0.403347044586185,0.394985933430825,0.634053997700973,0.449437590094939,0.585617219901237,0.69787606964476,0.643238336093282,0.524343217869311,0.715577506348223,0.822155465312807,1.03069156160266,1.03107870111268,1.00364679024228,0.88832252141412,0.553293655628581,0.579323785004657,0.50277630073187,0.367622662426675,0.239756572220095,0.306429079355674,0.718714947847352,0.93089758896916,1.12457134421004,1.2197261369954,1.18018636055577,1.05276450469936,0.823888510594851,0.890220927412349,0.837714687295807,0.684631694756156,0.658354797632074,0.724285583481097,0.690107949872544,0.175501919231651,0.200871077739628,0.201005997784603,0.244905582258696,0.280436531697668,0.261401571710945,0.00890169397907242,0.165554632674801,0.0233714011440702,0.107933277437527,0.521499148406441,0.504125684013466,0.425340271244474,0.319565058887774,0.319450939130778,0.319783553062479,0.319552429113154
0.752165311187036,0.585183122638576,0.355055488989302,0.12370907797786,0.0449966308031779,0.193949991310226,0.256844269381041,0.278412522504946,0.13458408985115,0.15841209990913,0.159941583440044,0.0756606412789733,0.00835643869152856,0.096674164309927,0.188695464300548,0.191659376704821,0.0238955931366196,0.255409646258496,0.369787327206361,0.406757909216694,0.724706485051215,0.604520334788886,0.0770921912247428,0.0540860130327507,0.214425645125521,0.218881314469213,0.14167445803876,0.122223186785366,0.0476627378739963,0.123008085548109,0.0669611356204482,0.0226366227957099,0.0221734503350689,0.113537833922544,0.0536361087998869,0.0535088968301785,0.053808664156953,0.0543523187887023,0.174809249831514,0.299031564707606,0.428620368029634,0.551892600012862,0.546984115950231,0.546157877650379,0.962939190975986,1.04522785432751,0.958565504745838,1.2207367998028,1.46543637960577,1.51634225977152,1.4027480863978,1.86028927039157,1.80897947582834,1.3321890477846,1.50590496975627,1.49921089886171,1.23973175419148,0.874417046444592,0.67099414260324,0.733602134509528,0.734388004329914,0.63692658574137,0.518940210378783,0.39604953223104,0.240148322420674,0.0136568634756447,0.27326284868222,0.0831916094906037,0.0713487022109309,0.071863661950059,0.071863661950059,0.071863661950059,0.975329903180325,0.725276382121726,0.528086206266425,0.0339131330423165,0.125266832402241,0.348085333870194,0.587887841565023,0.778252426237297,0.778659373898251,0.164683895689228,0.00448658691776129,0.152050215446735,0.339741686713656,0.388128794028332,0.298547955537753,0.0707441958047487,0.116715180287574,0.275698254305862,0.408325524800862,0.530170213767059,0.247705939702798,0.326004161078113,0.538215941527081,0.725468800266657,0.820861046135251,0.640279937736965,1.43909446148179,1.22825746989402
0.182368569325703,0.0627566020994036,0.422063020492796,0.851146622081914,0.71149796415973,0.419276772174508,0.1598341662555,0.199926830993761,0.212053569951603,0.35693600144368,0.355031100369159,0.327890039638979,0.352935342468387,0.474598785936724,0.165205858712033,0.0247596349679332,0.0728198433572386,0.108591807353625,0.108833584507182,0.12167105439677,0.0138045347433959,0.150502147431923,0.229303899175531,0.289941219549449,0.306118400402461,0.310085622900664,0.478164187459917,0.48584043508833,0.253544698251625,0.254288942674675,3.40319451513227,2.84688605800687,0.257194810872976,0.448520965882909,0.554321897922916,0.15894130160718,0.0942255900810905,0.0942219785904821,0.173353901575419,0.141868016066291,0.539609554096846,0.65255727960175,0.537168795666334,0.516642570152613,0.682227173781952,0.680256817961203,0.732508483651873,0.510649641802564,0.213789792800748,0.27530255947379,0.115830138723973,0.178608187084411,0.0633362088662679,0.0503845928780394,0.199595252807748,0.187099734286043,0.159057142599006,0.316519212358892,0.465617627639484,0.551896832611853,0.551583164527173,0.445531973962844,0.297561464753623,0.182818632709853,0.181007966341163,0.014165208595559,0.0213866354376963,0.130681382015753,0.290822962432124,0.0221283367759683,0.0991321950512094,0.0665266567852379,0.273822497968102,0.509348524275551,0.350548572533393,0.461333168405763,0.691175718273126,0.0827257145339452,0.0536897155334728,0.0110385630348378,0.03250417474518,0.216439856563975,0.212460214830756,0.0300576816330626,0.306034421702877,0.368937225143501,0.412080594699126,0.468944287733667,0.55052954641733,0.565102185370782,0.504132948013965,0.126319421637606,0.149506146254162,0.165633609219187,0.173427343429348,0.174576760506592,0.10012506544095,0.0998898569056089,0.0305860802146499,0.0740422458074362
0.289068946306024,0.388053533174738,0.779908761773067,0.240540015139974,0.291669653537202,0.188292966072235,0.0880053703748305,0.353442012754279,0.452688879755961,1.88646702088501,1.30465032503766,0.735568231024337,0.176359475289238,0.271543245315149,0.360642744571291,0.43197020195951,0.516554741152531,0.149403992365308,0.0271266781077358,0.211550867338353,0.268072694963208,0.405414740772225,0.12456692281823,0.0993309562606325,0.0684293650278468,0.228578793450665,0.38617645493539,0.258131447455241,0.446110230070531,0.371887440755077,0.563641649356822,0.716973005152336,0.380755289093416,0.639150360592257,0.767356888416221,0.729191083597689,0.585095102567221,0.382660099677847,0.073254277758796,0.154114475092272,0.238443622380836,0.309359823911675,0.354032122466178,0.462536099133656,0.448859122217801,0.459357629822939,0.799660017462969,1.31876417539402,0.771135617246838,0.54425480031767,0.300296269942101,0.0766777094729789,0.280183077864954,0.467281351840032,0.43318173842308,0.41016014100441,0.328798047662015,0.135581561985451,0.0105734486833142,0.114752258017546,0.152920638558636,0.134137884190548,0.085766866215985,0.0563011571219798,0.0981462750639654,0.13951195030346,0.174594430870794,0.149828642288293,0.189203079383426,0.01474136319038,0.0214656448013859,0.125194484438171,0.00967414046520001,0.0700199539242547,0.0652734772488292,0.0536412224113082,0.189117784353755,0.310966788385318,0.417455625697936,0.47168211700787,0.329680376969265,0.342813418255531,0.376193822242768,0.372027532431466,0.374570604451615,0.23767600203599,0.320081424093748,0.377962195174283,0.400267388202671,0.517970162603896,0.720535788256326,1.11297558368042,1.43447488238284,1.43265913523666,1.76183114018363,1.71005914518899,1.41308256340379,0.998549870988958,0.58187517664896,0.229897803389955
0.290435708483723,0.152425571144906,0.026561524206012,0.187735327761247,0.0442536591985699,0.0875596009160039,0.0876752612506081,0.00731562729537988,0.141840404414291,0.156393001539408,0.146208669129282,0.119502768830468,0.0200357474542387,0.0628502858604313,0.105166140768753,0.138647071981212,0.0649694994460041,0.0422871364578941,0.165144627803002,0.169848816779902,0.165547636682963,0.173820639205449,0.014888717301319,0.140108074851225,0.102765552746334,0.0446667784602732,0.0623887050050279,0.193949027608409,0.0418636937685598,0.096583076856843,0.251680095601356,0.25142339903728,0.106759222211425,0.0207469616157138,0.101997178017583,0.24736244993831,0.249966159325716,0.232934159283939,0.172743017132205,0.216694981062652,0.0956229973917935,0.00754628368613357,0.11240514638442,0.332661222858957,0.0491880952877541,0.293638052944207,0.0959907526317751,0.142437706755907,0.060164952180587,0.0153695464116375,0.0958458347759102,0.182229538291926,0.264519358884413,0.33222586419289,0.346610700003808,0.314600290926524,0.141783686622439,0.00268695756887639,0.221165018701856,0.590175689273761,0.590279586229167,0.436818045114748,1.02042769082439,0.625628095241874,0.17088930358304,0.104418201026848,0.0223918076219803,0.0566021475691523,0.00652532803284143,0.222044667894395,0.199078700206605,0.174908619458124,0.175090820601587,0.196309044994537,0.206160207237512,0.202316513798315,0.483477007045316,0.992049376971536,1.45524606638881,1.35621666041884,1.34413067988592,1.03670053606342,0.670101581771059,0.345023769762503,0.385826697638213,0.396748709492051,0.397430085670658,0.397249264768676,0.154659305433465,0.244602652593289,0.00395675466014942,0.223713909569108,0.201210108477884,0.188918982483862,0.0554158054038427,0.0493199816279883,0.0363848241466291,0.12199366851531,0.213691155361939,0.264843789939273
1.26931125960601,0.897127411281893,0.424821914378033,0.0801976146681277,0.0607510291064898,0.0302335643863602,0.00502515357177523,0.0824557440819213,0.0821742728967783,0.0348206989209834,0.115189644424264,0.318757548340005,0.489286733966504,0.516843904980489,0.646142463261648,0.160899160914298,0.201516841099465,0.165139211972366,0.0657521574856538,0.314128636222543,0.445100881058072,0.37381031252419,0.322078779017323,0.00401480282501107,0.439589247264791,0.365655158042424,0.409974816806638,5.33193006747149,0.0394676861277722,0.0901473981165103,9.18391014385533e-05,0.0528501687187224,0.137368878237268,0.686949506498186,0.669845157371259,0.534464638919442,0.329458791483159,0.134421373492152,0.00464673598932652,0.102144173331872,0.0812410734903849,0.133151107334591,0.31776690643371,0.512180869227115,0.144272633079955,0.235649923810316,0.320322980947604,0.381413559643273,0.414920077935665,0.448740113566759,0.20698000997561,0.010514546738702,0.172352731679187,0.296464605072043,0.136986228111809,0.0910445049301204,0.0854732660929084,0.0585816772352042,0.129696415347226,0.285633121392162,0.351806383925855,0.249250445361129,0.218052658503438,0.313062920759171,0.358743769588604,0.358246972715126,0.713274889571479,0.98968214180512,0.882754375546917,0.662204534289514,0.395798286847561,0.130832719652477,0.356910989019369,0.576830513294545,0.332924990118999,0.15034183809841,0.073931904186904,0.00662343135467369,0.00572693954158506,0.00572797926251783,0.00863414149599788,0.0104238768144323,0.0102374016092451,0.0483522204622827,0.0886998806920139,0.0231462724126061,0.137414822117069,0.25360687305892,0.54133966127358,0.757221234766979,0.64737375608093,0.591152636478012,0.598426333750431,0.236029090930306,0.172017041776376,0.158845059562055,0.272572971421458,0.263491320024615,0.233981738170165,0.186963668642828
0.811682854158532,0.556498667180709,0.494814158444369,0.465357737493611,0.673441335473434,0.510964039948618,0.332458214482402,0.164657401066757,0.357840376388999,0.190210514272774,0.046053249742855,0.0768428113480976,0.141603206158604,0.422916528363655,0.126366499750576,0.0195418812491101,0.174226751306313,0.354920679094417,0.288603177162892,0.186208181119296,0.203290350287536,0.0313212230124281,0.286335374672938,0.440488255442354,0.589770684082402,0.493567314737837,0.518499965345544,0.515136218735528,0.481721970743467,0.427004367537297,0.4575990777575,0.436825256543493,0.621375122869104,0.770030566939431,0.300241105574086,0.0332719707866844,0.134305725698539,0.0395818287171993,0.00957949018715296,0.256650668776654,0.170721152753448,0.0777527508100969,0.309574645083382,0.0174829424699326,0.236244602933623,0.446980459299706,1.15202346990981,0.884990494134746,0.932310442005101,0.817198833598568,0.857955410104603,0.80337997348684,0.67674977023895,0.464622534538844,0.22922154523787,0.344110819708215,0.000982294266414604,0.350303263689892,0.520898240306725,0.591685865286841,0.626130556698202,0.284436014290396,0.219733759336987,0.343238990693911,0.459422046225859,0.541363890894333,0.228660081789398,0.0177544935969771,0.277491340735205,0.594087354563918,0.512432575154678,0.231230867670134,0.0642758457067083,0.0822534420986716,0.131908443942367,0.241813504888095,0.286548731856005,0.265303833565379,0.145239305709649,0.162517097348482,0.138499845765068,0.157116701772893,0.18724539483868,0.692903950842059,0.976140823046545,1.43195172207891,1.10838254116011,1.37604176776675,1.48911589260634,1.48976626979083,1.62128674995855,1.32282251914954,1.32710705571078,0.87829245472867,0.411723853059556,0.544743056589934,0.546183199786755,0.367711870274727,0.584698035045171,0.763318364731924
0.209435859369594,0.157095677135789,0.0930572581445128,0.0312346888736338,0.110441092487982,0.462196837170939,1.59502164021842,0.625734244789925,0.683870239447769,0.707388314401232,0.66711593543481,0.565846011349498,0.442291026928883,0.329226521657356,1.11727891601215,1.11796405755583,0.87449221987568,0.593864386620821,0.313539978558424,0.27273301340861,0.174708057802795,0.231203360778196,0.120469498592226,0.120008236088807,0.128025815066377,0.0936916771551028,0.270082498471736,0.466022757823738,0.814322800379493,1.03356263176391,0.863879126355299,0.343677666426854,0.344115612708091,0.344115612708091,0.549352511860947,0.468493583771215,0.622860134618763,0.691902422894442,0.543852529349036,0.543972831488152,0.284113928193092,0.724475597824472,0.302391450148925,0.302391450148925,0.617549731656955,0.45446444553912,0.263286776210101,0.0704504618886144,0.106362362441345,0.377487604089743,0.375555384286617,0.725985068088825,0.49566848103856,0.27124007759281,0.117639027068771,0.389656636815625,0.704541149163076,0.880678477212856,0.787492893398498,0.602495252670363,0.234283792986103,0.27327329464474,0.231142623197445,0.231114378547815,0.770301873380018,0.796580279346469,0.641121580454485,0.168379931669344,0.314284806589795,0.392153893598763,0.0544905063089378,0.281058083291394,0.215491156646867,0.215599769486436,0.0589466390670134,0.383219303679595,0.159395853760009,0.0350024151800896,0.0739853943602711,0.136106673293335,0.399099882645535,0.125192299217099,0.0110835059430339,0.148453439785047,0.0427855755911055,0.0572043266280827,0.0922022379384724,0.0924602511597859,0.0926550415544056,0.0928445014789537,0.177657376023236,0.0135307530804467,0.0744066035103388,0.268948160131159,0.402461936446706,0.480035523995015,0.554763724778936,0.601593729988849,1.08815884056749,1.18089568936081
0.0877876286750306,0.151159463665998,0.0708654856107306,0.277835308862173,0.18708786143042,0.0910577632598282,0.113323275155389,0.129984598902315,0.133472737273275,0.122671805297852,0.114923833686764,0.25031862872312,0.226842455908922,0.195900991824054,0.159221643722421,0.121075204198451,0.0854789986483531,0.0291900048862373,0.0408045656775574,0.0432041013441452,0.0431106755759696,0.0553185542957142,0.134297710991789,0.141139953911664,0.130904467156653,0.487766376576741,0.910624267564502,0.616353955982278,0.827566476092822,0.741502963307082,0.556566337047096,0.997773346123621,1.03100413131901,0.988491539942774,0.891257864278599,0.390952867297359,0.443320792724155,0.766153319114211,0.242751366512125,0.306107915246481,0.300220858085956,0.217313674804258,0.214175101730161,0.278052161481247,0.219007228116413,0.111236509022209,0.519111575358467,0.630321652926915,0.677797967232767,0.652166172234132,0.680205180718551,0.590015429959709,0.446502473009953,0.285305895442824,0.106755675414704,0.286706643739663,0.456556122031358,0.613334691419419,0.279963474999699,0.109651129973577,0.627544061009466,1.29272097592592,1.13191753659223,0.719285851682196,0.149791863317579,0.0507013761086077,0.205498533597144,0.219002828290477,0.21976222430885,0.204870848985474,0.198805998576426,0.308540400402219,0.423162312350786,0.530939504808894,0.620612137961458,0.571980989052339,0.305021690028837,0.0634991889699066,0.145920840050601,0.239173299987915,0.338461445247996,0.436014428541252,0.523747747928721,0.419178697438583,0.308199869441847,0.198829278960739,0.726230980392452,1.10022694740113,1.47832513791031,1.25829873673414,0.781856189359238,0.181298583889325,0.305389910964045,0.356340280040113,0.380095031175274,0.379602505129418,0.168342940114337,0.255809941346525,0.311069374060298,0.654848356876233
0.0824562425747569,0.00230772456896971,0.0804330832394387,0.0290475577327476,0.00511337439420663,0.0535129608634583,0.0366571718157701,0.0856573310384911,0.0908956728042876,0.0905050919277239,0.298505758214761,0.0299707892528926,0.0922104200324021,0.150652751304714,0.217967136422036,0.183119940506485,0.0370476236442976,0.286917422254154,0.227564050972298,0.151901242057811,0.0671475052131492,0.014382352825116,0.0985770311828492,0.182508297890511,0.257133868518533,0.588856466063399,0.849602080386831,0.565901021786915,0.308982775054199,0.260707121493926,0.173836501547749,0.138260995568324,0.477761706247316,1.35333154777194,1.35839636550404,0.544163886867264,0.00169817986371999,0.00815097715170743,0.0176165006791583,0.035884969037028,0.0923843418895454,0.0920135829439712,0.128750616333523,0.103148876700251,0.152059084514837,0.00309117482843909,0.0365389431468518,0.0046833877526478,0.046422756651892,0.307939522742515,0.516302607978901,0.731103614068828,0.908253952606584,1.49284024140232,1.97945417707831,1.97798087712049,1.97860670973056,1.33842072985409,1.344499965961,1.03876144264854,0.528439654849656,0.499447897917373,1.03534931779064,0.856351231039222,0.586925461439869,0.664436827186867,0.418333353719968,0.597276991789905,0.606866255143515,0.413433749261387,0.641621878192736,0.569233487051416,1.0270674246694,0.22654632610553,0.227165826668236,0.0433553961869089,0.195930212936203,0.049624740579181,0.207042908471125,0.372380137455769,0.618304606089649,0.866356172137118,0.988632776114386,0.963707591740869,1.34972434648505,1.75240529167053,1.684620699397,1.40396997229029,1.02245713936142,1.02231326593857,0.947312032499953,0.946704508817891,0.536564552646574,0.25860279330459,0.0278987150080303,0.17491034738656,0.0220050789026567,0.0544036600873872,0.136032468569852,0.0959027458769429
1.63742290898828,1.6963605124996,1.33155111421251,1.34816815075077,0.915181262084349,1.00110345679483,0.786188328596972,0.749569727971572,0.751152872032782,0.746185116179721,0.704095819574353,0.625230986079775,0.515324019700661,0.071314830950112,0.276561830180571,0.276401981058349,0.421494343472815,0.380183422646216,0.273518344210686,0.0510713616993458,0.155532894226672,0.239611683052271,0.143292608105612,0.0373676026117391,0.113356593826074,0.0382278314751284,0.141321553447964,0.150195772902932,0.132631097918274,0.142181591010408,0.337853750006897,0.522738175842606,0.465452888571604,0.386621488056714,0.257154451689437,0.000378145473765393,0.0235253417724566,0.224215049405467,0.497795271333374,0.653218630692564,0.711572114600804,0.650329496559977,0.62382478483881,0.600624454800852,0.600600638844783,0.3640564503582,0.606606944629925,0.665757624462607,0.556409485125645,0.412770203726454,0.261479027147866,0.261304211309239,0.644747429960534,1.0367601328674,0.591444713864052,0.502367973252969,0.285430106090263,0.36651470700224,0.156843999208553,0.0277491181340153,0.0278102248815476,0.022681040502926,0.111639305066965,0.208493484872009,0.29445703906907,0.296064598316531,0.360930675985038,0.396419474892868,0.391139046812714,0.35397051858433,0.263564469776628,0.267323822728789,0.25044318318613,0.135202710630715,0.134119485760936,0.135270982422562,0.0409046977769809,0.0305852335426402,0.137851062185101,0.248148282425198,0.260824182647721,0.249638213944739,0.283470288440577,0.316440878632656,0.339661306466754,0.347835040937641,0.341401352131159,0.126153940854848,0.0579722152020134,0.0963947676869875,0.0655783380299794,0.127047479636527,0.193135686090871,0.246808953700275,0.277833950971189,0.130335315936548,0.0171736933287011,0.190183125138962,0.245320466270998,0.587082507402723
0.539760289512155,0.326385988461778,0.182989020719406,0.238388594899907,0.238508151408182,0.238434825364859,0.449916969104371,0.0279541290663092,0.0278847919723707,0.303818337974554,0.480213723880242,0.362897988316283,0.33050290549945,0.258398935479469,0.257797523981669,0.237103143204171,0.158210787955103,0.0779805160304738,0.266571718681522,0.4213573781506,0.568156762316589,0.409969199276936,0.183083872027273,0.0177457378625741,0.249913975555344,0.481043561542372,1.39711212446114,1.97807812237939,2.10654782125698,1.62197251235518,1.98079228535117,1.99478944839763,1.66217745849886,1.62730709778602,1.34136767452494,0.899184019947672,1.17326321334064,2.04134740050264,0.94006825499605,0.889741910375574,0.677696685836157,0.368099513615823,0.0864711708404752,0.308669177501172,0.539624055584685,0.145881791591957,0.339582239503943,0.551016554130191,0.0933226845753202,0.168593289688916,0.15960496264564,0.225742849242194,0.435771767883959,0.59273641353482,0.648562529870904,0.285722287150633,0.00641448900977472,0.0085507561552216,0.024052050440118,0.0388472690689696,0.0514244388681726,0.049746657788825,0.0786969683839601,0.0218613528944847,0.0261588485879124,0.080300938796677,0.302421920592998,0.313772691895082,0.365818307992797,0.334083283181071,0.245614629285629,0.369855878543946,0.465931587322801,0.805535992902404,1.20548413554793,1.39316542747851,0.885739113937387,0.372726133732037,0.278865065099937,0.22524248917292,0.119544098162911,0.0476325783593881,0.0209521092852198,0.00657822221980959,0.27678591973342,0.204179178709563,0.125043625680185,0.273689584002989,0.0977157213444144,0.042415181722551,0.00640549055260035,0.24457052518178,0.209805233649333,0.270509603252674,0.107011941827544,0.110586739422755,0.107143121093274,0.0431226656852508,0.0240550638088414,0.0984435497785186
0.354384833428752,0.423605952081771,0.449199255300727,0.423798747117944,0.308146599325791,0.138928729422218,0.0690819888137516,0.00560566629255294,0.0381276820000103,0.171600040887549,0.0590339898087606,0.0266734014926747,0.00854612155550859,0.0418600728028513,0.235515333745313,0.3727909376855,0.347944396988578,0.267036604903673,0.32885560413677,0.259246495879277,1.40575574709213,1.41574187001871,1.08206485410807,1.02278448988706,1.22154606783835,1.53836911447718,1.66309836964012,1.85311835291112,1.63875953724367,1.8356015795602,1.83583523894613,1.5816091033905,2.47333862595548,3.01547549729458,2.21828579622424,1.2560658145674,1.23543701976387,0.9965228164756,0.587790978983507,0.405410980628591,0.528220563179745,0.281530200779597,0.448555661198642,0.864384262448854,0.803120513650164,0.666272605644205,0.479770756474457,0.295894663049368,0.149394830763386,0.195836169790217,0.275165660296712,0.311135032271861,0.140756276463133,0.00697206005851844,0.0984417662458378,0.234379826809403,0.516593746858764,0.426679058693957,0.267810224821319,0.220804149459478,0.150494803244797,0.0740446274613317,0.0697792797104529,0.00211892512898628,0.0660315688679161,0.129751525598191,0.31748435719676,0.543972154812014,0.524541083539987,0.475119366675261,0.509429160934697,0.877587420806986,0.291219950484864,0.291219950484864,0.388015055778228,0.182277818867602,0.165299748448135,0.137361921678298,0.128170608813351,0.0986281610169832,0.104289980871981,0.114773389696478,0.257747231634307,0.421671440486241,0.579330934830068,0.70246344067879,0.220208906912897,0.29180937145408,0.295010440875154,0.302005317935612,0.322167127171786,0.322351310590294,0.302978814215569,0.416620811421497,0.244491230108226,0.445124795777277,0.379343544006758,0.140174412180207,0.0497645620902384,0.215777301790663
0.0394164753125723,0.145753858880444,0.101601927618769,0.0425482218592906,0.17676236771612,0.176633069657945,0.174762621804829,0.0396339522216161,0.346987252755484,0.755490687431965,1.10534329085478,1.16517730553239,0.87941556795514,1.15557638278623,1.20943479314073,0.134612323020149,0.188443619590573,0.209389792797128,0.20270261882018,0.175119271109234,0.132631394187986,0.0677950658227418,0.22048637929797,0.0382832987748499,0.0461839077935947,0.109925576546775,0.165817599801195,0.222454928861757,0.264871168794033,0.234164800542831,0.424396245862313,0.404858873975411,0.650432299644064,0.587911421279345,0.338888548500533,0.590208052104711,0.419767787606952,0.395852088513041,0.132525677944682,0.181559154563691,0.0925030915850409,0.476373927250653,0.531063541910269,1.99816063114313,2.37868759491129,2.24571387182134,0.593887729512618,0.775794719855637,0.0234421532444737,0.0351706606348012,0.121761691223737,0.207840384203954,0.208640140819214,0.181861746234972,0.138525339164508,0.0915447796047975,0.0239951516424367,0.0396273983630287,0.108285686128641,0.178634944946166,0.0268954310895602,0.0543912506780366,0.0489545147386858,0.0409544202008677,0.0306140070504426,0.0190752779010991,0.00784685079502631,0.00202964751249735,0.00358016010495337,0.113482593119671,0.127815601026407,0.272378810087898,0.438395821908442,1.58353453628445,0.00294483381246224,0.00522027215703651,0.0925605973952761,0.0509957341252601,0.0398318252058269,0.181351594564981,0.0698139616122372,0.0421978255160405,0.148093452318055,0.399810863013798,0.423879585315185,0.279026225277832,0.610092681376259,0.356945795529775,0.112821556941981,0.0653239017516593,0.053978016376829,0.0469232789020021,0.0181793776886446,0.0295609508913966,0.385977502582938,1.02136023158148,1.02139709173516,1.11638933070369,1.11884978036526,1.33866410302993
0.373265239057684,0.657852763277784,0.436251679769446,0.309576028634954,0.17984355942768,0.154278258655733,0.132324077526542,0.34042924506813,0.103618655623024,0.168514005869926,0.20509204790442,0.0909243923011208,0.0142870942328684,0.0138920751956446,0.0877245648469264,0.0877397848190208,0.179528902444225,0.27103970904436,0.134993274329784,0.116604255911919,0.0804449351224147,0.0331780021378324,0.121080058354828,0.186962883805655,0.244361379117447,0.166446970163264,0.0322592770186644,0.0710958248595416,0.182310009929217,0.15445497277479,0.677963343111347,0.135326146608822,0.0918026196399158,0.200391158729155,0.434589864066524,0.763153094228522,0.933281074239928,1.08854659797595,1.16731323083472,1.13100800944489,1.00973770761892,0.861501021431473,0.990914956407225,1.09149864991975,1.10658957455018,1.00687853025738,0.836253142602094,0.659161494362911,0.986591983938288,0.107419703048654,0.545912323251153,0.391593275598293,0.359127034976048,0.274189833677242,0.289569538878741,0.49898092147528,0.699202291291589,0.839616664000522,0.683579888953887,0.451880446864948,0.0228084890291699,0.143609306849182,0.127839744564128,0.0979387435367526,0.0621537750278905,0.388868226695716,0.378828415831705,0.576259527785819,0.215537239462868,0.209262310819287,0.187840658890876,0.13957050095448,0.0790360348487431,0.042137055458521,0.184746245940876,0.117602812052598,0.234672969937062,0.462344139634124,0.626994238696462,0.675036861941184,0.545051212676192,0.71399145067417,0.433859442956327,0.330538440358438,0.213554219830902,0.102358954632734,0.182543436262894,0.220978583719838,0.129721734576223,0.221116083592905,0.290048096712513,0.0722468216742234,0.08434770010183,0.255077345804745,0.148042079526829,0.290199349120791,0.41054543494367,0.301285052411304,0.172196663676261,0.00879369207470989
1.57376608182167,1.66770603493453,1.69302202110403,1.64239527329762,1.45662176026277,1.45890899403625,0.873161791554017,0.37157332352764,0.559120945535152,0.854944933105276,1.05429076041705,1.18590713352197,1.05446736471982,1.55973374324517,1.5602543195854,1.92019532030781,1.91396803319815,1.65758531695082,1.13876503521085,0.620302883818787,0.806027699238597,0.758943341696005,0.573074428263933,0.449424724880976,0.290856261719616,0.128529942532679,0.130532683969716,0.31023653853751,0.550342968030034,0.817973383080559,1.04574337870041,1.18607635025667,1.10067764056852,0.829863616823428,0.293694205602407,0.39523290056364,0.00351671738049358,0.038627906062954,0.228237526923302,0.576818383154334,1.10215467675886,1.14888224317316,1.07885224835414,0.812662483892624,0.512118173388943,1.51276038362373,0.212183171239367,0.15951766837308,0.10486797226021,0.0277826687407747,0.0439743279569986,0.232415075893473,0.369955158949963,0.0992662491012954,0.12691483402108,0.125996177867747,0.331062101094361,0.545446280168085,0.775921080306636,0.773564481976151,0.774112755831794,0.927961637175953,0.8127207097003,0.569257896599058,0.0279731288018881,0.11428932113506,0.0876364194374786,0.0560976072515792,0.0245908637040927,0.00140653694323231,0.0928287033229607,0.280942926457509,1.02111115269616,1.60497495674525,2.08059952783964,2.22200084812028,2.4073074415893,2.28069835236949,1.90218181831647,1.11374659429309,0.919358962370041,0.598469019634617,0.851149552886855,0.961176619041181,0.93544358197965,0.88299378966993,0.721896945161727,0.958187090000134,0.300008770898778,0.121435307519184,0.0787610795659499,0.0230324050767636,0.033493012766729,0.0878369571651952,0.289108158413342,0.117381936786009,0.11770662096082,0.0459486061786128,0.235362378539796,0.132940908870318
1.34205280496906,0.998450244377084,0.456641613177393,0.274479959272951,0.380487355637521,0.456116266356605,0.520133068441845,0.494834480413226,0.494577410336749,0.290320192530388,0.348565982787568,0.141014036664471,0.1338175115657,0.125919238378847,0.115412311186622,0.102451062708006,0.59110566192523,0.959144821166651,0.960278644861949,0.676318961322941,0.312718017881264,0.00820842879674169,0.0830163671941768,0.612579163584937,0.993311884963173,1.03401573502708,1.04034308268151,0.616640572468566,0.399764053928921,2.19490969666072,2.69079464124129,2.60176560340995,2.60167690584785,0.0831426347447727,0.416311564968368,0.149725707750242,0.433387633568207,0.389745031431234,0.512388188916307,0.331657444370869,0.123898787702074,0.123620641556811,0.0499048586075591,0.049679575989694,0.0407240884595967,0.237940581229051,0.017508227253922,0.112775574143761,0.10340789971481,0.227685542889098,0.544720638648541,0.757695083661799,0.761327819593496,0.738576405019372,0.608214324331433,0.428595412085104,0.237982614558932,0.0806504949236185,0.0307993689653636,0.0550210723359779,0.0750005599397557,0.0864637394511115,0.434751478217776,0.53678221821895,0.536224675966733,0.723709468722504,0.786087034307287,0.868047735722008,0.917809610197389,0.835160873232835,0.723126098293614,0.352376374959539,0.104363131648604,0.104406135012678,0.0435855376391415,0.252367157923258,0.340478599524302,0.340860827370803,0.646847405420189,0.906922918910009,1.24226175828499,1.31739034845937,1.13967581228238,1.16029195350897,1.21384219827736,1.1710976726713,1.05419079891804,0.87271938814105,0.662019841520038,0.463104747884075,0.298329927109435,0.390319740572454,0.461567927925233,0.500559473770541,0.571298347201899,0.556116694308778,0.506549531094999,0.348853736103146,0.236084279874396,0.118722094323179
0.967314559561592,1.08671939728549,1.23944986871828,0.76128361044153,1.12569974711756,1.44560933816642,1.59809527739617,0.650911170025153,0.53713176559773,0.738127337436894,0.890289271517741,0.546597003789465,0.585997294933763,0.58121911862371,1.19906694496646,1.08473149067713,0.870354633825669,0.595471182184344,0.340386700383097,0.148776268619024,0.373365747634014,0.312510927602771,0.154450649737853,0.443584439501245,0.703828541719704,0.675685197653845,0.387929253445561,0.387322723792371,0.530580308761805,0.434862566682972,0.282693390658066,0.367036915089023,0.376361634657022,0.938117991247439,1.65184150759568,2.27050582305028,2.04092029342804,1.50335246621079,1.49946621233334,1.36194190917876,1.03053597742768,0.668288381027887,0.572935431954557,1.38226679644779,1.65929969969151,1.51375514408145,1.27021371427462,1.39386790468562,0.520135150482135,0.138057092180792,0.819712692918205,0.3522615838979,0.491227930507428,0.850124181460196,1.02297678058203,0.667872736411959,0.198905486078798,0.165029828745025,0.107730613358301,0.0430014124605281,0.0100175367882931,0.0264957659361699,0.0827431263331534,0.0619005512499813,0.0173228488745567,0.331344433229733,0.239848445170114,0.0227615502442869,0.0145644038864714,0.538959063455564,0.505791815455821,0.397233272471697,0.288831964192499,0.576053497053828,0.72727886196639,0.0268387131176267,0.200485176555286,0.491125466402954,0.474365553587637,0.55539570348999,0.648659231491132,0.648238976335394,0.548524284324526,0.548883139138004,0.549036760684109,0.548641481328891,0.56881855114213,0.462944501581314,0.384615719858753,0.384931882812333,0.514784425030255,0.365249226211542,0.216333953119095,0.415762784664235,0.57088314628671,0.557790379069055,0.650710919971993,0.347060712453308,0.17627252736438,0.363108246538282
0.17757993089317,0.411511999728307,0.621997572430545,0.775159192002897,0.926803282607764,0.836080039922017,0.814099618140802,1.18034683622143,1.37060108800164,1.31970122601067,1.09854055363544,0.801256747901523,0.773348842017886,1.41599392173981,1.90275400327029,2.03523537519161,2.00075532632614,1.79689075074377,1.49106573869199,2.10172073830324,2.54579647818204,2.63379322528469,2.16475614321995,1.54268103182081,2.04133985484635,1.94245471763035,1.82509743900371,1.43353124859999,1.22698762211607,1.03873554861424,1.18350136013007,1.99143873804845,2.82835890225609,2.27508157026407,1.62814846845565,1.57402192287102,1.81125430948927,1.50899947317524,1.03545512985493,0.565957131438869,0.177320069058254,0.00587167511763464,0.479327005711303,0.478760554169954,0.436788314325798,0.359020533705168,0.268486806862222,0.270455488384972,0.281931944485384,0.264762635224512,0.264988552653966,0.252337779188764,0.215072191705293,0.356999871961777,0.469135637450992,0.328977038066786,0.193418729822542,0.214921074958442,0.047425917914825,0.165085603420687,0.066639665285,0.0296031846829172,0.125487309699544,0.125275298789561,0.225917787174941,0.00759589712856297,0.2174940055863,0.180517252023048,0.029456689983377,0.250156610399074,0.496309474265693,0.68260655966183,0.0585231954313183,0.214714428604581,0.214036134627592,0.244979948822979,0.0222512324767601,0.0596415341353353,0.267357173293304,0.509050167292861,0.274459408594738,0.628641640692554,0.572013624291269,0.51400361975485,0.659545766355204,0.596656543134166,0.477419077470767,0.333878122521765,0.199746581656873,0.0441098289888394,0.110688653324986,0.0482966238858309,0.0482771621365405,0.109961873920773,0.166923623319527,0.185335348400952,0.171189445537437,0.100220158152443,0.321767941560035,0.544093167731353
0.110228110322629,0.342908191404594,0.37763758957695,0.905915255351132,0.495768515564232,0.169419254746621,0.29478499518182,0.295247001142578,0.485427949017634,0.889479190404223,0.889604255334424,1.10645229486292,1.18145664738597,1.13665821870413,0.79730536992816,0.394909302365928,0.189951107857778,0.0674184200221752,0.00991803191964629,0.0379569339120712,0.00818023341864669,0.196325177426995,0.388311582033039,0.554128918481872,0.794133613586134,0.969425637466806,1.13870051609171,1.34684185631091,1.31833449359358,1.3682105435615,1.3691200224495,1.62364905775156,1.7754657206131,1.79040081559764,1.41522794401324,1.41522794401324,1.47600760760125,1.47641314409146,1.83883619430021,1.93733874018572,0.953148205654681,1.31768228530784,1.68748763532374,1.99013644867184,2.16489045897911,1.76815754880427,1.09653777880999,0.418346455201304,0.715402721033995,0.965700110302395,1.02470228165955,1.89312230874599,2.16679015442273,2.10086078940337,2.35922288314894,3.32771005627759,1.81919671068166,1.81934258945419,2.08307860488074,1.52297941750129,1.52270293876212,1.40093763822261,1.23454828862147,0.542152505321622,0.0585445471996709,0.0578949825864344,0.233894366104434,0.420065966848682,0.444445716750183,0.0807575289286298,0.0597331120149359,0.105808556582394,0.33781615965875,0.609219300954198,0.131842469701575,0.131918943942624,0.131842469701575,0.0657723721510201,0.00353846317576885,0.0543705010510113,0.0553528860398921,0.0528262580874931,0.819947147937902,0.570865701281597,0.630432897921472,0.460025198461612,0.392055347608987,0.201981333004659,0.176094324463976,0.135823472483177,0.0848125427744856,0.0349509384041846,0.00496262274127931,0.0740353232284226,0.072957254497499,0.0758185302174527,0.0746394801674171,0.106968777189942,0.240575544684363,0.647234291574121
0.314393834716764,0.101094922271542,0.0694130066138145,0.027003585202837,0.0607280436821414,0.15733249430512,0.190643103356863,0.2443588457772,0.348545331455919,0.229803189870564,0.177122316142118,0.10358711522403,0.0322050741904352,0.242269280561301,0.176612313233042,0.0834772826632999,0.00401148449243,0.322824708813598,0.993114522091083,1.21638920489972,1.27158995833408,1.12254203703789,1.12232087011723,1.10561878923047,0.960804844138779,0.144406719444585,0.135242983111646,0.804739160977085,0.819928684938929,1.32763124104996,0.423426586981974,0.329522037894527,0.335004547795516,0.518535210742226,0.689872864847437,0.803755913872355,0.974106460297214,1.02927568134198,0.998626189853748,0.927235495596122,0.751010748534655,0.526046529613082,0.517923440363187,0.481082497375131,0.396084180540462,0.398922435018111,0.276672029607042,0.0652437802441149,0.0804199558847148,0.246809131718756,0.362400954747677,0.178364714785478,0.0383284334794173,0.102016495738053,0.258608060599939,0.318541430484864,0.176902069971502,0.347106046126764,0.346992109934501,0.152831395431687,0.163659718317629,0.348298721635249,0.494933892440439,0.825810154895852,0.531974723996138,0.532369288623781,0.473470577717585,0.655946521764915,0.26991399146383,0.385973675703725,0.0108529116449246,0.0257985860423887,0.0378625696585781,0.0132985833746018,0.225356626043376,0.553183603367792,0.658246415358995,0.674400779327051,1.00827752898024,0.797102395637125,0.547686328756705,0.550614760119996,0.50146083246999,0.495413060991994,0.459640627700022,0.393606599427614,0.310203758122552,0.226592264864477,0.0581945883234348,0.0924774751447833,0.178860819231379,0.554687256215719,0.206712824389918,0.281635749033119,0.65103924413847,0.504769577085374,0.436499009352371,0.336859267259179,0.223577011365081,0.120036043845092
1.9438041988064,1.118773629023,1.05498767346409,0.794650686987888,0.715870280871522,0.622797198978574,0.469130401082074,0.295079082881802,0.14375351950236,0.00756125323148956,0.159613851035033,0.263409717912279,0.395286650049237,0.342698526142791,0.226799624239789,0.203236448939955,0.462214725218514,0.661601757351699,0.989278814743364,1.31591641784304,1.29030872556641,0.813476477023174,1.59502285075984,2.04906426709022,0.686187796133388,0.660508928466293,0.551180767241616,0.360989985824716,0.363438063445628,0.289363470107784,2.69446497513208,3.98607947423871,3.77796937840588,0.422879021281569,0.626188327591748,0.593049858468525,0.440903503999896,0.440413972242417,0.108863079644797,0.732322856085222,0.751935762299608,0.142484228357719,0.0884728439440561,0.40849429889045,0.408879506464523,0.3949787186942,0.512820938491546,0.325666091528602,0.153029108241501,0.0833262827596032,0.0269006684729272,0.0648576016494018,0.102639004512254,0.135289589115166,0.0711340032057805,0.0695058102603101,0.149098431251906,0.234450672000829,0.298641769476489,0.324187916057726,0.326264198694851,0.231652941914779,0.457443942706641,0.172541533202857,0.169316005191435,0.197569389214801,0.217440811953082,0.228142860065339,0.257426955803088,0.258860974823894,0.229490118442323,0.0741666809542272,0.0574646272988752,0.13990065716727,0.074757670495982,0.00526937034041166,0.0572345292299239,0.134383747185307,0.037615646465183,0.232608044858712,0.334484287961891,0.417902485328603,0.46324590188761,0.221796566427883,0.0199224457802732,0.0425211863479445,0.0647150460168037,0.0869343669481019,0.0869028738126762,0.0351870499948216,0.0149936518127275,0.202375118175814,0.0734966891328104,0.0688325157929794,0.0864387961578341,0.272856460351728,0.337623078869026,0.321329445862846,0.18622088750762,0.0604052978481028
0.141439529171638,0.224212776436332,0.465597233719578,0.651414990220562,0.651036484022274,0.902578914348974,0.593152230770692,0.399784603651317,0.797360898046141,1.19706410893192,1.37757577992164,0.482055417761863,0.348939628377447,0.18593227988546,0.449277721493029,0.305249647731612,0.39684814605374,0.433130703490248,0.784147550844099,0.941734015952271,0.374986030995684,0.478851891996664,0.53685028021382,0.371810318083142,0.159511964848619,0.0451229570055276,0.30230448744264,0.639793170784727,0.469165313436185,0.233182456750605,0.504546230691506,0.522439669945249,1.63256378188669,1.23308741915897,0.277123571635652,0.520163666508551,0.536386807555232,0.212497560186517,0.11141732917122,0.293803033788864,0.516826779685585,0.759313344988033,0.986730325199196,1.61153903739789,1.22620841516965,1.22601541507249,1.22599316289542,1.22515149488004,0.840280873261341,0.736443097633415,0.221644327742353,0.0182487676429247,0.468231007061846,0.4334469010644,0.556566441429325,0.608545666746029,0.569926286475692,0.163867452837842,0.373601498239156,0.0525583504884761,0.0661957513652198,0.0807812832316593,0.0861621060814396,0.110021705795105,0.185347488669904,0.170876955648216,0.151308472974255,0.109101350817146,0.0578564257679255,0.00760066518458816,0.035998555591832,0.0452721901389304,0.162761409839532,0.0933731806134737,0.730894486182981,0.0123395359038342,0.174361208023068,0.174213626857763,0.0813592962508426,0.00615184451760694,0.0499355352344041,0.267063648246042,0.525809369410171,0.353466872675596,0.164731996589507,0.00892888729245006,0.170840805029478,0.420949227571344,0.567932419481971,0.599528626180551,0.599621288002156,0.421926636067181,0.462693310032521,0.331709963203117,0.524250475269355,0.618700013800101,0.457649792812644,0.238194356042662,0.579271600979967,0.263942179645056
0.198459734903826,0.0593513287470852,0.0822612514541891,0.0889858767015057,0.169182965195771,0.0433384991917508,0.152720215941983,0.285008111640348,0.404501695951166,0.480500763671392,0.540769767921473,0.438760686141213,0.733244732600474,0.198016783421849,0.163803163636648,0.0751756790095851,0.00511218013434804,0.174800967479163,0.319403716055202,0.36876720839995,0.00556546878939515,0.0680229846868697,0.00194780361194257,0.640449364550693,0.115503011189847,0.115021222716571,0.0317703102069368,0.066019031007492,0.124245542374226,0.374708539757665,0.205569834082305,0.361902343942974,0.362036741790361,0.402047899669804,0.407932772684207,0.375578516994315,0.344394942560762,0.490658383953194,0.858301180795778,1.09604004253931,0.525337122960022,0.084955658590537,0.0829447993648345,0.151665775721624,0.328640193080913,0.042107896458315,0.181301037865364,0.313487929040616,0.43474382415678,0.189255900600181,0.237227313903776,0.280475928462544,0.309263493506475,0.317892510041306,0.309192422712767,0.289462271935691,0.236768746900209,0.168121435551166,0.011721399865346,0.139092192494465,0.136354776614247,0.0908778154397945,0.346641227247606,0.346453897955845,0.529415773386208,0.453008729683343,0.335993914060846,0.205160738040632,1.91990133440176,1.63133697332961,1.77568640795136,1.79265998415865,1.67526636421592,1.46433387217921,1.40191451918957,1.24304700571292,0.9999449233956,0.901667533496664,0.740732439587684,0.548632953471543,0.364529578038564,0.0298240934712952,0.0481907471795381,0.0495143308053694,0.0561717253322894,0.0560964287963724,0.0524644678408006,0.131735444137781,0.229387192136477,0.347553476510761,0.428200384312169,0.0238315478007674,0.00702289065339009,0.0108376044299305,0.00165403555882808,0.186816145169496,0.0279820130332139,0.0272028521331046,0.0328241330731408,0.10643832855413
1.17501201769212,0.774113038566207,0.593399295207401,0.190228127005082,0.0460479527756567,0.432647836478585,0.899675430407765,1.00643636823965,0.978400137643066,0.822436570306679,0.324379470138955,0.376968497323464,0.390144988452242,0.368137996179635,0.397431718037943,0.382156132375642,0.0666278965521395,0.0666767135598995,0.0660426529209594,0.0914074485428073,0.111034182347553,0.0416851704592874,0.204373996298825,0.239536664334826,0.3693036796424,0.488530630070274,0.497128992439443,0.912117241173477,1.23651116697414,1.33444175593648,1.25741662630869,2.15293248247109,2.69582665305003,2.42652624958349,1.61520292684979,1.3264441258061,1.55772995052816,1.23910420695543,0.717139062456319,0.717405466703185,0.406526534097987,0.129356892786485,0.0889859457823993,0.0740201620687732,0.0282078179089053,0.134311129001435,0.360669929198527,0.361089088168006,0.362864313163732,0.96347429253946,1.60371204370434,1.43147372756924,2.25842026631624,1.46396488618106,0.666686846020071,0.797198780218185,0.6109825929186,0.629334014748546,0.601901650486371,0.527051550887183,0.422679118805742,0.723310852583459,0.496885587244834,0.482328456727314,0.365127972692787,0.184953792781031,0.448121506190102,0.708805978428069,0.618482398299761,0.43514455901614,0.49137529334488,0.444934877179214,0.343926506868234,0.193078737956015,0.0665377265911639,0.06664812364796,0.0466468653991106,0.108452967510093,0.170421673926971,0.281624881880129,0.021018462800799,0.331579267526471,0.139941792940332,0.0226153133630582,0.0228435372407309,0.175481750217211,0.333624570059315,0.254128564542803,0.128423860931369,0.376172043227794,0.474967302132891,0.560646034034344,0.618820533283861,0.643008559791794,0.637350094127614,0.277854323456864,0.0145763031071909,0.0376340552470976,0.0923297550665339,0.133076854167479
0.0918325289943278,0.0430890245697917,0.184487695949064,0.220880782682536,0.159553582656865,0.0811354067980666,0.115535870063759,0.143588084297734,0.159933828647269,0.159971272408931,0.161951059225421,0.4982640162983,0.582696479477193,0.634511488174002,0.592696730399896,0.638661266129134,1.00048723327307,1.1693155595605,0.793246814010872,0.680793295731016,0.343816700990162,0.0579299963907524,0.0578547074482739,0.127057967326728,0.0772019757342129,0.13699199225752,0.18673066792743,0.617860091266865,1.18379015418755,0.764639417102296,0.355923891307536,0.0473628857829773,0.0504346144392418,0.194621559483356,0.0195075934234725,0.0200051840590704,0.581695234434154,0.595752179843247,1.21636808015881,0.872586423182566,0.800408794056365,1.0788149968102,1.07415270712428,0.930750998133014,1.11507192534602,1.11679924051545,1.11803457147948,1.09683906735314,0.885395204917918,0.885532541548414,0.57515854108575,0.241011759342863,0.509349374754868,0.51110944867349,0.361005803376005,0.158135865113785,0.195963780918916,0.173253083951327,0.0268277193409198,0.239067261109009,0.279743044494126,1.00063160308762,0.740935916346817,1.35116117416584,1.48726017084033,1.05379971348502,0.897671250094282,0.646388718776422,0.559949112569865,0.426811617370736,0.273173792280738,0.134486422517196,0.134462107686702,0.134449985383608,0.366440024982658,0.229854124558678,0.0931465705689501,0.151823185796426,0.0461683788590661,0.231705159390532,0.467259476609319,0.672947808880315,1.13773631366942,1.48296454375406,0.804501289716054,0.227582759395,0.0140856365905723,0.0564445463860368,0.0965743283476149,0.183261438000948,0.0579910869728733,0.219917910184713,0.425541192359275,0.631038284669424,0.787644426768421,0.827275453651035,0.786537189220971,0.613622654851883,0.375156713470599,0.156820325313443
0.0755848695096057,0.313846333257757,0.387059763978213,0.451730562669942,0.491032986135148,0.494390029229847,0.464425729776545,0.396157160737096,0.238753912499298,0.0924995972152096,0.277353957675931,0.345894203053158,0.15531961815702,0.154917152606849,0.138034886526398,0.138034886526398,0.0621056711117224,0.129287099739872,0.187800376502901,0.0392783235388267,0.099908970075353,0.341974838868633,0.203564324084302,0.178275093570072,0.0702549416065481,0.264860681526225,0.494513156056507,0.668683714646861,1.0239904635656,1.34956764954354,0.918581822806028,0.760886338852372,0.564867454386553,0.346813635220093,0.144962443553856,0.00857354536267424,0.145097475043024,0.283324567774312,0.206647411278692,0.208582765939445,0.195216080118234,0.0455224074342639,0.0664229949687368,0.0760994907354133,0.134270642355727,0.175115366222945,0.200721490531001,0.720873344700735,1.09313212368627,0.780207475446996,0.683506050136073,0.1699163365751,0.206826716642339,0.564955325793336,0.890678527603745,0.456856437690328,0.0957897287381579,0.212583880189423,0.212837072253379,0.148372697583154,0.139808124095698,0.389754185715488,0.609480045634177,0.474542516899523,0.326933376687217,0.32700577897291,0.0483257963773556,0.0501188908179108,0.137332896144122,0.221515568686168,0.0243699760963754,0.11657934067834,0.285410419860094,0.44677152445058,0.313336864895691,0.313027812439789,0.263716454958127,0.166627355559177,0.16645556460046,0.16620360780478,0.0504287570556754,0.299347638811222,0.00188918713683456,0.150715866103456,0.266146425160615,0.305182120326088,0.330791291018059,0.480217526121115,0.640010964404287,1.05715304350912,1.1650158895538,1.19216096196941,1.01392627521889,0.729402214237218,0.777016106382993,0.67844762770783,0.947068126390742,0.338506849003059,0.417043329720867,0.582679168231083
0.0589588515403167,0.0574190373727461,0.215620159263205,0.422608292663092,0.383913139161428,0.300155558032906,0.197628673924118,0.1392549267707,0.137917225934095,0.121148108045339,0.09745806203393,0.702256887333581,0.546428247723258,0.330852061127121,0.138772497043056,0.397331173157495,0.220073782615056,0.220437777794967,0.190532077439142,0.192159664658706,0.203330397294473,0.0668709953389826,0.0605142620023959,0.198523952067566,0.231316455234997,0.235009820828916,0.306231481969282,0.319211425834153,0.30343389051143,0.0256444778679625,0.0624384867461917,0.0814352372343746,0.102645215536844,0.48321523523157,0.437243486960966,0.564996487549477,0.631953711078466,0.605685299597501,0.74080634402649,0.760768034417011,0.930293474411048,0.91988237290591,0.962675727054064,0.861893160799297,0.626274883047666,0.876824529833507,1.01783060973119,0.993999410766257,0.903016834371193,0.903513867367591,0.75663832513096,0.865771451183993,0.865328429940571,0.890527700215031,0.273526206835916,0.27128056514398,0.239376948948088,0.232893102343435,0.270132499689935,0.402413828282606,0.535885559598266,0.644947206400228,0.711026340956734,0.996365222503151,0.968808065818807,0.86583340217302,0.923814331787852,0.908954119307607,0.872478627003635,0.757471220949879,0.756281470906301,0.709173171121502,0.619422367904772,0.801515933887615,0.910385950509503,1.05521589356396,0.803284350172266,1.5316973264566,1.05020944174241,2.11089764452873,2.56341860854279,1.80538424569776,2.07896047245608,1.99199333638433,1.76980890521455,1.45021774450482,1.46522460579888,1.09930845373905,1.84569754005535,2.14041029732825,1.66410154957349,1.82140485081433,1.40054952349339,1.64256585425051,1.62885676453179,1.70732979525503,1.43565383319929,0.693147865788799,0.378309120577811,0.112194591633383
0.244442872490788,0.248293418846121,0.322129672376912,0.327940040538787,0.0206031459499595,0.263805035459253,0.4025018617563,0.494418734290345,0.562069516003246,0.564923317045851,0.535550109706822,0.535550109706822,0.517208355704095,0.451165029366861,0.500059683093286,0.560908302468367,0.544110423320757,0.44617626952798,0.828687638030254,1.30524464678898,1.78190698869838,2.04071722943555,1.62100540441801,1.76838497574002,1.77236325902188,2.99174708047304,4.37913872542998,5.43644987938495,5.75625357072018,6.55292022526299,6.42401043008016,5.55867950372775,5.62381164418609,3.83365004132704,1.64718422799485,1.91419366588046,1.85363588870842,1.79678221442205,1.97606039030697,1.97606039030697,2.38221013397112,1.94962491818113,1.272037088229,1.28167533433528,1.36385644418513,1.29527332171837,1.07901655559977,0.80776005261185,0.340228268243019,0.328129621111222,0.837945654876494,0.91449715829498,0.400322895188044,0.0412004474557053,0.10603285870747,0.276868883231503,0.452540094224987,0.547342840796198,0.323746550222138,0.210767424134936,0.0827666943839107,0.137512482824148,0.220012473745744,0.313712317066208,0.406628356763801,0.481627771840979,0.527226404912742,0.544109105956974,1.58968617619185,0.920992196130936,0.150787819159174,0.266963794919866,0.317785299631177,0.237484180002952,0.21111251329018,0.163635405468257,0.0337237386619591,0.241628327697665,0.299624044487991,0.324353336484707,0.490948498333782,0.61084555485417,0.755857144281959,0.755886596508804,0.755926192331488,0.628239319683149,0.741766076894793,0.722772294280192,0.554312066821955,0.324328370347191,0.114710867445968,0.115728603521299,0.0618311146728921,0.061730351877041,0.0616194099217412,0.0642872829905875,0.0736366742217078,0.204357769338805,0.336036406203831,0.126217625676174
0.0214122818867111,0.115427402269057,0.0666165527657094,0.00884374676392392,0.0487541351249609,0.0218256943426548,0.285431615221314,0.240921471430004,0.275902655833181,0.144816193126422,0.0191087703046215,0.0683847950416742,0.128821531683889,0.130594396793855,0.119055566928568,0.142919730166537,0.418453749107571,0.533874162966525,0.516987479535774,0.524203118361277,0.291502278990812,0.0723398226934444,0.0326278984598783,0.279365164976186,0.279852769079165,0.280131244144344,0.302512368897552,0.607064429176514,0.760664317306981,0.958243408528667,1.77827599921003,2.4197640034767,2.86195913226522,2.23480109307946,1.85961781533259,1.29113805368927,0.824316707110908,0.825126933275413,1.5858416066007,1.36525664474652,1.13673500087319,1.13632845485893,1.48095628590522,1.31623229941569,0.962497782519759,1.28184507150931,1.44920208267502,1.42553857952428,1.44343605923862,0.688437854568029,0.127402230264211,0.268997368784423,0.30083520746359,0.103237898882382,0.127588302670926,0.043225910937777,0.0429710489827117,0.147822957555655,0.265130146346379,0.377604509452507,0.469830605024357,0.901779004121192,0.893187994884605,0.627364527266426,0.380128517795887,0.354746686018853,0.260750811641119,0.13910156041076,0.249999294803595,0.116873695519188,0.0523113862368734,0.0124882835126219,0.20097138365979,0.0362396663991594,0.0615841755289529,0.0814318887060906,0.0168354963485837,0.0384425948483247,0.249927377625245,0.322704691556805,0.321012255318455,0.307315758017007,0.335860409746787,0.481290028518464,0.647097628269467,0.819008102429166,0.974535054550187,1.09273299242075,1.16429602519753,0.823372256579892,1.23745874418282,1.36910010285808,0.963137776875288,0.550107894109054,0.205549196110519,0.029379766336706,0.257723033807991,0.305998705311919,0.32314689251275,0.585276115755152
0.420465815404688,0.0239102594123134,0.0268236129729278,0.0579948072032384,0.0748864249906908,0.0747897020022322,0.218280775126129,0.385080233920555,0.21683337805376,0.0520939376028176,0.0897034537689049,0.0785893428941204,0.244581697365467,0.502333884663259,0.475012893755176,0.414850376218724,0.374532588213097,0.408417176250819,0.171023917226726,0.0377874699277234,0.176588486070178,1.61772798561051,2.5374280500449,3.11249274146684,3.2984126524799,2.12596569747687,0.775245900541531,0.691407295291071,0.208568629221821,0.113702245745129,0.487238146388202,0.0688292272794449,0.0460628497152702,0.0203375815780867,0.00507518794206809,0.0286942787594805,0.0491603902149062,0.468117735406988,0.488102541549186,0.353902182342771,0.196074665834195,0.0446776484018541,0.083984109065453,0.216118157086138,0.144177463290443,0.144409825027141,0.183321360188626,0.8717829651281,0.871979400518317,0.415837331777915,0.0657166432988152,0.102617425377254,0.0874261311923115,0.0121540477456357,0.0648933080621426,0.105476580679673,0.133380248271316,0.145360381995437,0.200828150645333,0.275601643477948,0.199358773074608,0.113406769623171,0.0324675311962631,0.030982316711609,0.308588942276976,0.287265436264576,0.116813796672215,0.0342851971877024,0.624753673588675,0.0870446409357317,0.211272636776933,0.153574804885929,0.0914254201048722,0.0883789513492802,0.0892213751349789,0.112647503626946,0.138285149618503,0.162633384546184,0.182311884918544,0.195483468494338,0.0288500819299407,0.190112985937033,0.152322571388455,0.113433330858913,0.129493755870194,0.0271830165594889,0.0743830700634003,0.186992384671289,0.0662722362472501,0.259428977962973,0.23428650774035,0.183341763216172,0.0403747559310207,0.0403288913480139,0.0866471572080068,0.138067924389455,0.187721332824075,0.227425211384902,0.254083040512088,0.4559761131962
0.331967234150038,0.391257827500363,0.485335606079369,0.0864953153500793,0.0943055553998086,0.0904765835780323,0.0343209819757436,0.171664085383109,0.435048902771139,0.515653839008909,0.536741162448014,0.774599283714844,0.591193239137802,0.371717773018051,0.103993300666643,0.141970352687354,0.441891445071195,0.353915705353795,0.259408661980767,0.153881424463136,0.061093338026015,0.271426698600308,0.0243176886301806,0.0880577072844348,0.00413578690645864,0.0824883114049301,0.182530589125159,0.287783976049751,0.282001354986411,0.439556883649667,0.570106541432799,0.568687636490657,1.55727299766274,1.19804994319622,0.829478942381502,0.193765107596763,0.321749762838128,0.190988587785938,0.0739233419527601,0.0247238821859706,0.128512611897815,0.126117281497489,0.214973621989942,0.283445866978873,0.283556553149703,0.570732151463762,0.349743273739561,0.464531861699423,0.578516191860638,0.472170587485271,0.420304989603899,0.300883680333007,0.478625321045317,0.195695796883392,0.302875191521894,0.348015211282384,0.481235817493353,0.00861196186605233,0.088747992829339,0.174385862513522,0.0357078645069884,0.187001075066999,0.334828253413172,0.274282248746749,0.202191479056738,0.129088842491513,0.0665124903292534,0.628674355421114,0.678405056296802,0.686224017028954,0.652764376913551,0.492674003711623,0.295107343921762,0.39732960109229,0.287789073508763,0.277812695753315,0.283896037978004,0.265903655780978,0.224682403282945,0.0240563705576935,0.277173709689194,0.554833480588786,0.0475069326369763,0.0971227866404607,0.0181612108795745,0.00308198676973323,0.0125890759915118,0.0642056971224065,0.023010398871211,0.13372651355564,0.238637196951391,0.275585399494395,0.355397937150259,0.466624619325837,0.47795323464887,0.314941059344463,0.0954401131168797,0.390619213460715,0.235530697300149,0.446767965561914
2.10260592031963,2.13609617228882,2.00583847285989,2.00587984184128,1.4727717739569,0.69965486764031,0.16247240967535,0.177766302665168,0.181219823456628,0.172582293079183,0.155830486713033,0.104617078998161,0.0505978621974674,0.0235438977449161,0.115214326523279,0.0674123281681051,0.01479601561853,0.0103578058081107,0.0375816436091382,0.0804873187807867,0.113715840564841,0.210647113873536,0.277374686777496,0.317507839356825,0.123546088564837,0.0994287469508735,0.0168300049478819,0.0843842552251172,0.229174579958996,3.62849431865117,4.03991160585734,3.96994997665997,4.37812710789752,3.97916141431183,3.03489996662671,0.113045516705096,0.667345232477433,0.297041365650274,0.298704347154076,0.338589975319988,0.0355105024334734,0.185498529523612,0.308765509292622,0.101485138604904,0.0517407704336148,0.0518383495475769,0.236497978189892,0.659296711221937,0.621312577654076,0.612686537595801,0.612775250570093,0.595820444162842,0.241109297234385,0.138722859591302,0.037428801100747,0.0130412521169752,0.0159815736033715,0.0233152256934016,0.123692779403793,0.257218602153161,0.281051767157629,0.435019877637994,0.55157573209256,0.628597215042254,0.651567178696858,0.85696539285212,0.422600703110703,0.145677813440225,0.455406209219552,0.451524534316022,0.499780262455694,0.402646568146155,0.406284079075272,1.55758564252268,1.81850979947564,1.85231574782812,1.09893685047842,1.27487848917389,1.31186861661487,1.14321827186985,0.74272100769687,0.349972303890927,0.298134678187947,0.120721078580243,0.0155109226015355,0.0469933310233001,0.144320325497747,0.167624430545172,0.479268314055598,0.884525617706994,1.3114882413323,2.08660792669696,2.09105475537107,2.40285970816903,2.13722713012391,1.60548434809457,0.89882278467141,0.95109209992334,0.810968294480444,0.699824440638035
0.89560995970092,0.804019852224711,0.496169293942554,0.546818582908175,0.601253415193674,0.612182186236427,0.49278305611614,0.519684106255472,0.586083904697358,0.15018880112567,0.270514643503433,0.424252271902729,0.595750936250083,0.747552517813198,0.846894042786019,0.889881059378605,0.39165103857057,0.0342279592729919,0.112503749242612,0.223678303162447,0.170368710487194,0.353687560801098,0.507071728839905,0.574210824505822,1.08409534827328,1.57878273386057,3.02899165260824,2.89857224569814,2.32859660357783,2.15906844107959,1.33362650244932,0.92023507494844,1.77000373471762,1.98193447653079,1.88126586824023,1.40782395994931,1.44953302738145,1.49437084136349,1.41829474205358,2.0263389010829,2.19261432726518,2.28496243823887,2.24919572600106,2.06485829550986,1.77587820510953,1.45924907050423,1.17153091461395,0.932903776026163,1.51954570070369,1.31358250915424,1.15599795130571,0.781123277658327,2.2018296315718,1.76951510214058,1.14963654380439,0.590006936074447,0.479426615307683,0.338310643641419,0.475770987066836,0.604119769995463,0.267857245681056,0.308942788771416,0.510231962815638,0.0682108573961775,0.0201961900001733,0.0319778906106337,0.048592229440014,0.0886495622724661,0.0863056695976089,0.305783752928463,0.424021709828003,0.577072789886405,0.572859618130992,0.680639187532168,0.384202123633798,0.125729236266374,0.28105997047637,0.472556647583345,0.65208507942695,0.766883361267582,0.52471955260779,0.266998114318995,0.0575640427909244,0.0978550746236803,0.505351229202381,0.287006565996017,0.330086926054557,0.230239735322103,0.215632206873999,0.215632206873999,0.145529666407636,0.0578206638066605,0.00348937248126162,0.00358241903654004,0.00282596223546642,0.0046858683815064,0.00670278852520533,0.0701601752224152,0.153776320127883,0.242650765045968
1.0621745514606,0.977932400015707,0.275882490224221,0.151768642832485,0.00233415049622616,0.145773869926967,0.150319697450667,0.125486801725678,0.0942597543416474,0.0922997347337139,0.0747674096411569,0.0745169266126206,0.180236690553798,0.0863634704906572,0.17666365176026,0.108149133841906,0.477227159244257,0.325296201308996,0.440306412236635,0.523530442904172,0.525410258446676,0.468708472500133,0.18598383571646,0.920252645825525,1.86455796163,2.73917042954286,2.85383302878434,2.58009041601507,2.03756957414235,2.2035067620895,1.7108166759072,1.20308063022747,0.533271423989148,0.0749556434554285,0.0655217120300095,0.0119765587377612,0.0474751360671901,0.150725777178817,0.401796633228859,0.34017609890936,0.107241475433105,0.0253378687461145,0.0252565169660525,0.148380647781059,0.279328739696057,0.279902701185811,0.0497853337206811,0.0496142659108699,0.238637543393827,0.306745996428223,0.0432896362447356,0.122914382979138,0.255640169069639,0.408005498637444,0.537747336662313,0.608235655655793,0.443588617606355,0.280072653533221,0.1340722452364,0.0163339953398489,0.00436000801524132,0.00834299004369039,0.0208225449113004,0.031755782789822,0.193703433154874,0.0450435793938834,0.029143564029223,0.0200309942833352,0.287741154559425,0.628773380295688,0.771550463250026,0.820096243344719,0.820974231767568,0.140785625889762,0.163190909936594,0.0452193755999966,0.0750177726289298,0.101253515642172,0.12707640311727,0.150066758360411,0.167816874387934,0.179114120198176,0.44386102833929,0.322466325689077,0.15727425756105,0.202967967867206,0.212566952432229,0.112042399321052,0.0717457710019073,0.200486100987732,0.360636992480847,0.500040030596691,0.577919848234904,0.909989227597849,1.09197774141671,0.921591472462099,0.615976270777774,0.686072395994575,0.718939225841647,0.695884726309151
0.444284597643699,0.500658281365385,0.50298377100251,0.151385441939883,0.112639194488157,0.114142785743497,0.046918463261992,0.0205717564429089,0.122698371525671,0.278372931385734,0.288566839168676,0.329489384503013,0.337241855714988,0.390380085383591,0.767051023359452,0.787894546072434,0.733780813984503,0.571258873271681,0.291639595273334,0.291532000482461,0.253442756287397,0.443421291281277,0.0601881240481419,0.156580852786433,0.446676790728439,0.48207272531359,9.1151804196215e-05,0.480319575064306,0.0881936354659058,0.130553737027625,0.742942726292999,1.23097397120771,1.95543727882289,2.44395816433596,2.31624451849926,1.98568263542909,1.45122405605324,0.895539196711952,1.07961718277192,0.800088764265595,0.443495563885045,0.132264505966929,0.0736281676404718,0.0826345881407315,0.109413406306049,0.0609308163265924,0.0154537178617361,0.102401318854162,0.19919688678664,0.286218771044906,0.366881370308294,0.215923695707944,0.10721587989858,0.00739683092638306,0.0276609583194955,0.211814889370438,0.0741898057011073,0.0742578627873934,0.149257058325476,0.219676608242996,0.219641796130397,0.168189226123741,0.11663268456791,0.198734190894647,0.281949427609274,0.348278780960079,0.134917543768573,0.0948051113239089,0.00815634007980587,0.0131984891756548,0.314473183189803,0.316748590437553,0.201439149737135,0.0891695717477288,0.113808901579413,0.0370925179149668,0.00518258464071208,0.0420998758534472,0.0893661626408879,0.134807399088172,0.361195154761166,0.642977556790783,1.04050077774089,1.27817260339922,0.897724897655921,1.7838731603769,1.59554536704601,1.77206638008755,1.54963634830463,1.5790361230712,1.46207149540701,1.14984602655744,1.34134592601715,1.38907190745583,1.27282119419584,1.06652121693224,1.23686882136841,1.72175336598959,1.40336799887826,0.935750736239891
0.205786348481072,0.196315934271341,0.167816100934089,0.358979030367317,0.40661033154094,0.464818230997023,0.107735688086908,0.180983689335086,0.576264077614954,0.446597771969162,0.26316386746221,0.0929840775263364,0.0501624671309967,0.00413741457105664,0.0797343109148652,0.0134173489719565,0.0322053874560962,0.0482912408758156,0.0599174015157976,0.183897556885291,0.185543836642246,0.292275256648942,0.293387398137561,0.0526163072671169,0.000166533893139585,0.063093699872976,0.134326028311462,0.134735113955176,0.106882761085622,0.0560944293013841,0.0099152938594747,0.243913652611464,0.435492718285726,0.501920362875359,2.66479075075273,2.66479075075273,2.54148632558252,3.18015884790746,3.37080555347496,2.67493492706647,1.62605853535065,0.334947680651444,0.313676613968066,0.437732184915655,0.313346953851409,0.0851691663536542,0.356578970942964,0.238718796376692,0.0934544419290947,0.0978591924762497,0.0409461281013222,0.135965863437772,0.238288501657897,0.538499727267562,0.702714629421732,0.33609647730321,0.523924528164837,0.123791338725446,0.430486755436009,0.69555732841127,0.95941401660136,1.13089761561775,0.56412815648152,0.362623488199506,0.380943141557773,0.371256214051621,0.319991003970541,0.24127580096537,0.162725455633623,0.0589376992680188,0.508700457015522,0.11270312197764,0.327916281394742,0.328290169141868,0.169284688105174,0.217562568829156,0.218396975755197,0.190324696716267,0.144230710866391,0.29753291549104,0.429964092495557,0.464067331017755,0.728235074071734,0.983254707374611,1.16751166457386,0.923857699110668,0.411718021969774,0.564541100663386,0.683916750305991,0.736157345336584,0.273746886288151,0.0500835550334847,0.108656487581699,0.116053291782305,0.255823122455377,0.376555617469998,0.81564469771177,0.268210387947224,0.132556388145412,0.00877508913910474
0.37251335125943,0.707759120891428,1.00767999413525,1.22826447098794,1.45240490062406,1.63382342903473,1.72712900208248,1.71923909203251,1.63283681517511,1.60595880297313,1.89077716411964,1.81614159861479,1.8183670108821,1.49587171182884,1.8200385087958,1.81913562384294,1.49936314730279,1.13157579115669,0.638005181798367,0.64488199949945,1.39016423756295,1.90006074538394,1.92253781265574,1.6608653894746,1.36552409876743,1.35541591872138,1.31526600968381,2.3464630631843,2.71696554900232,2.73136747330383,2.37651193676997,2.22215651218501,1.81355698486567,1.7586867919466,1.53547596794864,1.60249235599353,1.74288830215363,1.64839250345524,0.959670975357596,0.779714886962639,0.690361450721315,0.508243550124371,0.643201943472363,0.649894742283967,0.650108179862778,0.651249613820524,0.649055606111877,0.309421296082139,0.0122765743644107,0.0348553309384349,0.0536083334811992,0.136758621349544,0.222091451740328,0.288583202158103,0.200844658614481,0.0955200530285645,0.00354758282118163,0.0571544451676256,0.111983629032158,0.262871509014497,0.26305710569711,0.247831078156671,0.214373355460155,0.213437008007636,0.344379964184376,0.460121199891694,0.516695524977146,0.431291457979006,0.430021578894335,0.461766991511301,0.783152733514397,1.01777608197031,0.87031154364898,0.633201360916167,0.382359915619538,0.383558570531897,0.740130636741368,1.1044277910293,0.958697682874952,0.738528688214716,0.492149463831413,0.316548056969087,0.416175589873486,0.798994204948529,0.157003935028773,0.156829615552275,0.130316690957944,0.0258887499132672,0.00657904943893404,0.00221309014991379,0.0726512938031968,0.159254983563104,0.189343969455772,0.110771638717489,0.11120009374027,0.394030733528014,0.43242127065134,0.827504203115403,0.697137698029693,0.577688276387276
